{
  "condition": {
    "plugin": {
      "list": []
    },
    "game": {
      "list": []
    },
    "gamePlugin": {
      "list": []
    },
    "miniprogram": {
      "list": [
        {
          "id": -1,
          "name": "db guide",
          "pathName": "pages/databaseGuide/databaseGuide",
          "query": ""
        },
        {
          "name": "拾物上传",
          "pathName": "pages/upmsg/upmsg",
          "query": "",
          "scene": null
        },
        {
          "name": "服务通知",
          "pathName": "pages/send_noti/send_noti",
          "query": "",
          "scene": null
        },
        {
          "name": "发布记录",
          "pathName": "pages/psonal_rec/psonal_rec",
          "query": "",
          "scene": null
        },
        {
          "name": "pages/index/index",
          "pathName": "pages/index/index",
          "query": "",
          "scene": null
        },
        {
          "name": "pages/modify/modify",
          "pathName": "pages/modify/modify",
          "query": "",
          "scene": null
        },
        {
          "name": "pages/me/me",
          "pathName": "pages/me/me",
          "query": "",
          "scene": null
        },
        {
          "name": "暂存点地图页",
          "pathName": "pages/map/map",
          "query": "",
          "scene": null
        },
        {
          "name": "pages/goodmsg/goodmsg",
          "pathName": "pages/goodmsg/goodmsg",
          "query": "",
          "scene": null
        },
        {
          "name": "pages/mom_beauty/mom_beauty",
          "pathName": "pages/mom_beauty/mom_beauty",
          "query": "",
          "scene": null
        },
        {
          "name": "pages/mom_beauty/mom_beauty",
          "pathName": "pages/mom_beauty/mom_beauty",
          "query": "",
          "scene": null
        },
        {
          "name": "pages/search result/search result",
          "pathName": "pages/search result/search result",
          "query": "name=%E8%80%B3%E6%9C%BA",
          "scene": null
        },
        {
          "name": "pages/mom_beauty/mom_beauty",
          "pathName": "pages/mom_beauty/mom_beauty",
          "query": "id=28ee4e3e60af64851d284bfa3ebf5849",
          "scene": null
        },
        {
          "name": "pages/lostmsg/lostmsg",
          "pathName": "pages/lostmsg/lostmsg",
          "query": "",
          "scene": null
        },
        {
          "name": "pages/matchp/matchp",
          "pathName": "pages/matchp/matchp",
          "query": "",
          "scene": null
        },
        {
          "name": "pages/map/map",
          "pathName": "pages/map/map",
          "query": "",
          "scene": null
        },
        {
          "name": "pages/add/add",
          "pathName": "pages/add/add",
          "query": "",
          "scene": null
        },
        {
          "name": "管理员审核页面",
          "pathName": "pages/check/check",
          "query": "",
          "scene": null
        },
        {
          "name": "pages/storage/storage",
          "pathName": "pages/storage/storage",
          "query": "",
          "scene": null
        },
        {
          "name": "pages/management/management",
          "pathName": "pages/management/management",
          "query": "",
          "scene": null
        },
        {
          "name": "pages/station/station",
          "pathName": "pages/station/station",
          "query": ""
        },
        {
          "name": "管理端",
          "pathName": "pages/management/management",
          "scene": null
        }
      ]
    }
  }
}