{
  "miniprogramRoot": "miniprogram/",
  "cloudfunctionRoot": "cloudfunctions/",
  "setting": {
    "urlCheck": false,
    "es6": true,
    "enhance": false,
    "postcss": true,
    "preloadBackgroundData": false,
    "minified": true,
    "newFeature": false,
    "coverView": true,
    "nodeModules": true,
    "autoAudits": false,
    "showShadowRootInWxmlPanel": true,
    "scopeDataCheck": false,
    "uglifyFileName": false,
    "checkInvalidKey": true,
    "checkSiteMap": true,
    "uploadWithSourceMap": true,
    "compileHotReLoad": false,
    "useMultiFrameRuntime": true,
    "useApiHook": true,
    "useApiHostProcess": true,
    "babelSetting": {
      "ignore": [],
      "disablePlugins": [],
      "outputPath": ""
    },
    "enableEngineNative": false,
    "bundle": false,
    "useIsolateContext": true,
    "useCompilerModule": true,
    "userConfirmedUseCompilerModuleSwitch": false,
    "userConfirmedBundleSwitch": false,
    "packNpmManually": false,
    "packNpmRelationList": [],
    "minifyWXSS": true
  },
  "appid": "wxcfc5bc410e1aaf7a",
  "projectname": "寻物森林",
  "libVersion": "2.17.0",
  "simulatorType": "wechat",
  "simulatorPluginLibVersion": {},
  "compileType": "miniprogram",
  "condition": {
    "plugin": {
      "list": []
    },
    "game": {
      "list": []
    },
    "gamePlugin": {
      "list": []
    },
    "miniprogram": {
      "list": [
        {
          "id": -1,
          "name": "db guide",
          "pathName": "pages/databaseGuide/databaseGuide",
          "query": ""
        },
        {
          "name": "拾物上传",
          "pathName": "pages/upmsg/upmsg",
          "query": "",
          "scene": null
        },
        {
          "name": "服务通知",
          "pathName": "pages/send_noti/send_noti",
          "query": "",
          "scene": null
        },
        {
          "name": "发布记录",
          "pathName": "pages/psonal_rec/psonal_rec",
          "query": "",
          "scene": null
        },
        {
          "name": "pages/index/index",
          "pathName": "pages/index/index",
          "query": "",
          "scene": null
        },
        {
          "name": "pages/modify/modify",
          "pathName": "pages/modify/modify",
          "query": "",
          "scene": null
        },
        {
          "name": "pages/me/me",
          "pathName": "pages/me/me",
          "scene": null
        }
      ]
    }
  }
}